GeoKey,City,State,Country
401,City_401,StateA,USA
402,City_402,StateA,Germany
403,City_403,StateC,India
404,City_404,StateC,Germany
405,City_405,StateC,Germany
406,City_406,StateC,Germany
407,City_407,StateB,Germany
408,City_408,StateC,USA
409,City_409,StateB,Germany
410,City_410,StateB,USA
411,City_411,StateA,India
412,City_412,StateB,India
413,City_413,StateC,USA
414,City_414,StateB,India
415,City_415,StateB,Germany
416,City_416,StateC,India
417,City_417,StateC,Germany
418,City_418,StateC,Germany
419,City_419,StateC,India
420,City_420,StateC,India
421,City_421,StateB,India
422,City_422,StateC,USA
423,City_423,StateB,India
424,City_424,StateC,Germany
425,City_425,StateA,Germany
426,City_426,StateA,USA
427,City_427,StateB,USA
428,City_428,StateB,India
429,City_429,StateB,Germany
430,City_430,StateA,USA
431,City_431,StateB,USA
432,City_432,StateA,USA
433,City_433,StateB,India
434,City_434,StateA,USA
435,City_435,StateC,India
436,City_436,StateC,USA
437,City_437,StateA,USA
438,City_438,StateA,India
439,City_439,StateC,USA
440,City_440,StateB,USA
441,City_441,StateC,USA
442,City_442,StateB,USA
443,City_443,StateB,India
444,City_444,StateA,USA
445,City_445,StateB,USA
446,City_446,StateA,India
447,City_447,StateC,USA
448,City_448,StateB,Germany
449,City_449,StateC,India
450,City_450,StateC,USA
